epoch,step,train_loss_epoch,train_loss_step,val_acc,val_loss
0,9,,3.0023348331451416,,
0,19,,2.594275951385498,,
0,29,,2.3864681720733643,,
0,39,,2.329176902770996,,
0,49,,2.4059836864471436,,
0,59,,1.9501972198486328,,
0,69,,2.052212715148926,,
0,79,,1.395203709602356,,
0,89,,1.7869774103164673,,
0,99,,1.7391104698181152,,
0,109,,1.5361791849136353,,
0,119,,2.1113154888153076,,
0,129,,1.2693722248077393,,
0,139,,1.5252747535705566,,
0,149,,1.287189245223999,,
0,159,,1.210491418838501,,
0,169,,1.1894887685775757,,
0,179,,1.2140456438064575,,
0,189,,1.4086401462554932,,
0,199,,1.2553861141204834,,
0,209,,0.9678051471710205,,
0,219,,1.0543042421340942,,
0,229,,1.3728336095809937,,
0,239,,0.9515020251274109,,
0,249,,1.297012209892273,,
0,259,,1.4087308645248413,,
0,269,,0.7014904022216797,,
0,279,,1.0123257637023926,,
0,289,,1.7236576080322266,,
0,299,,1.1082894802093506,,
0,309,,0.6770271062850952,,
0,319,,1.0912374258041382,,
0,329,,0.7289195656776428,,
0,339,,0.9128847718238831,,
0,349,,0.6814526319503784,,
0,359,,0.8193387389183044,,
0,369,,1.3225046396255493,,
0,379,,0.8330526351928711,,
0,389,,0.6605260372161865,,
0,399,,0.7643545269966125,,
0,409,,1.1956347227096558,,
0,419,,0.7801345586776733,,
0,429,,0.4634321630001068,,
0,439,,0.34725114703178406,,
0,449,,1.3709235191345215,,
0,459,,0.5965172648429871,,
0,469,,0.7573804259300232,,
0,479,,0.7054954767227173,,
0,489,,0.6386505365371704,,
0,499,,0.6746955513954163,,
0,509,,0.8506212830543518,,
0,519,,0.9597079753875732,,
0,529,,0.48812076449394226,,
0,539,,0.5173913836479187,,
0,549,,0.5875245332717896,,
0,559,,0.7725816965103149,,
0,569,,0.9051091074943542,,
0,579,,0.6563808917999268,,
0,589,,0.5323846936225891,,
0,599,,0.75242680311203,,
0,609,,0.9189907312393188,,
0,619,,0.5740402936935425,,
0,629,,1.1792925596237183,,
0,639,,0.3418273329734802,,
0,649,,0.7960590124130249,,
0,659,,0.3953384459018707,,
0,669,,0.6977264285087585,,
0,679,,0.8530461192131042,,
0,689,,0.403837651014328,,
0,699,,0.4214340150356293,,
0,709,,0.3282720744609833,,
0,719,,0.20728999376296997,,
0,729,,0.7669383883476257,,
0,739,,0.6754264235496521,,
0,744,,,0.8520833253860474,0.4984769821166992
0,744,1.0711534023284912,,,
1,749,,0.5081706047058105,,
1,759,,0.49010032415390015,,
1,769,,0.44107168912887573,,
1,779,,0.3663082420825958,,
1,789,,0.849320113658905,,
1,799,,0.47353029251098633,,
1,809,,0.4645440876483917,,
1,819,,0.7845014929771423,,
1,829,,0.6119301915168762,,
1,839,,0.377493292093277,,
1,849,,0.7480112910270691,,
1,859,,0.3250994086265564,,
1,869,,0.3159651756286621,,
1,879,,0.6498215198516846,,
1,889,,0.6000823974609375,,
1,899,,0.4001862108707428,,
1,909,,0.14181052148342133,,
1,919,,0.5488354563713074,,
1,929,,0.17651484906673431,,
1,939,,0.43096449971199036,,
1,949,,0.43226534128189087,,
1,959,,0.4567309319972992,,
1,969,,0.301502525806427,,
1,979,,0.5202215909957886,,
1,989,,0.39490705728530884,,
1,999,,0.5309670567512512,,
1,1009,,0.4983498752117157,,
1,1019,,0.4979020655155182,,
1,1029,,0.6737738847732544,,
1,1039,,0.439291775226593,,
1,1049,,0.7766085863113403,,
1,1059,,0.45312750339508057,,
1,1069,,0.6141449809074402,,
1,1079,,0.47370922565460205,,
1,1089,,0.27847516536712646,,
1,1099,,0.24861860275268555,,
1,1109,,0.7320127487182617,,
1,1119,,0.1658751517534256,,
1,1129,,0.2046527862548828,,
1,1139,,0.45344579219818115,,
1,1149,,0.5153425335884094,,
1,1159,,0.26692119240760803,,
1,1169,,0.41833773255348206,,
1,1179,,0.3616507947444916,,
1,1189,,0.4417364299297333,,
1,1199,,0.44780999422073364,,
1,1209,,0.3168429434299469,,
1,1219,,1.4398528337478638,,
1,1229,,0.3818296790122986,,
1,1239,,0.2000867873430252,,
1,1249,,0.5421778559684753,,
1,1259,,0.19881166517734528,,
1,1269,,0.27933597564697266,,
1,1279,,1.1314176321029663,,
1,1289,,0.32105427980422974,,
1,1299,,0.38256385922431946,,
1,1309,,0.34891459345817566,,
1,1319,,0.46923625469207764,,
1,1329,,0.43369361758232117,,
1,1339,,0.4377414286136627,,
1,1349,,0.336042582988739,,
1,1359,,0.2282753437757492,,
1,1369,,0.7192404270172119,,
1,1379,,0.24754595756530762,,
1,1389,,0.2029532641172409,,
1,1399,,0.14388416707515717,,
1,1409,,0.43039780855178833,,
1,1419,,0.44025084376335144,,
1,1429,,0.2298719435930252,,
1,1439,,0.3460770547389984,,
1,1449,,0.3459126055240631,,
1,1459,,0.21882493793964386,,
1,1469,,0.3771209418773651,,
1,1479,,0.2790459096431732,,
1,1489,,0.3402270972728729,,
1,1489,,,0.8999999761581421,0.365726500749588
1,1489,0.4299964904785156,,,
2,1499,,0.41177427768707275,,
2,1509,,0.4204554557800293,,
2,1519,,0.5081579089164734,,
2,1529,,0.619461178779602,,
2,1539,,0.4344119131565094,,
2,1549,,0.1495843529701233,,
2,1559,,0.14786498248577118,,
2,1569,,0.29251009225845337,,
2,1579,,0.32449331879615784,,
2,1589,,0.19624321162700653,,
2,1599,,0.13031819462776184,,
2,1609,,0.03159476816654205,,
2,1619,,0.16785594820976257,,
2,1629,,0.26978176832199097,,
2,1639,,0.4566418528556824,,
2,1649,,0.19648057222366333,,
2,1659,,0.23363661766052246,,
2,1669,,0.16235746443271637,,
2,1679,,0.8021342158317566,,
2,1689,,0.5969265103340149,,
2,1699,,0.3143402934074402,,
2,1709,,0.41796672344207764,,
2,1719,,0.30066749453544617,,
2,1729,,0.09815304726362228,,
2,1739,,0.24376027286052704,,
2,1749,,0.48903271555900574,,
2,1759,,0.3261302411556244,,
2,1769,,0.1801573634147644,,
2,1779,,0.1973520964384079,,
2,1789,,0.25164029002189636,,
2,1799,,0.11907120794057846,,
2,1809,,0.29781070351600647,,
2,1819,,0.2601398825645447,,
2,1829,,0.3056615889072418,,
2,1839,,0.7988390326499939,,
2,1849,,0.2882177233695984,,
2,1859,,0.6755133271217346,,
2,1869,,0.2622668743133545,,
2,1879,,0.47076156735420227,,
2,1889,,0.279728502035141,,
2,1899,,0.08457852900028229,,
2,1909,,0.34450671076774597,,
2,1919,,0.27096813917160034,,
2,1929,,0.5756068825721741,,
2,1939,,0.24600161612033844,,
2,1949,,0.059230342507362366,,
2,1959,,0.25397953391075134,,
2,1969,,0.5649904608726501,,
2,1979,,0.47723203897476196,,
2,1989,,0.23904165625572205,,
2,1999,,0.4494358003139496,,
2,2009,,0.301420658826828,,
2,2019,,0.06820285320281982,,
2,2029,,0.3510333299636841,,
2,2039,,0.38939589262008667,,
2,2049,,0.2685079276561737,,
2,2059,,0.29455214738845825,,
2,2069,,0.19665664434432983,,
2,2079,,0.24573983252048492,,
2,2089,,0.7047739624977112,,
2,2099,,0.5538550019264221,,
2,2109,,0.5023760199546814,,
2,2119,,0.46901169419288635,,
2,2129,,0.07780779153108597,,
2,2139,,0.10899224132299423,,
2,2149,,0.10761011391878128,,
2,2159,,0.16029319167137146,,
2,2169,,0.14310263097286224,,
2,2179,,0.09010223299264908,,
2,2189,,0.41848960518836975,,
2,2199,,0.28485241532325745,,
2,2209,,0.3360859155654907,,
2,2219,,0.21990637481212616,,
2,2229,,0.1830938160419464,,
2,2234,,,0.9068750143051147,0.3117353022098541
2,2234,0.3017767369747162,,,
3,2239,,0.22675055265426636,,
3,2249,,0.2163987159729004,,
3,2259,,0.17685411870479584,,
3,2269,,0.07667765021324158,,
3,2279,,0.2129785269498825,,
3,2289,,0.34764158725738525,,
3,2299,,0.12354756891727448,,
3,2309,,0.23075827956199646,,
3,2319,,0.47180747985839844,,
3,2329,,0.17965063452720642,,
3,2339,,0.25527888536453247,,
3,2349,,0.1927925944328308,,
3,2359,,0.200308695435524,,
3,2369,,0.48328277468681335,,
3,2379,,0.19768647849559784,,
3,2389,,0.2882001996040344,,
3,2399,,0.22822092473506927,,
3,2409,,0.05624856799840927,,
3,2419,,0.12573571503162384,,
3,2429,,0.12864309549331665,,
3,2439,,0.13569195568561554,,
3,2449,,0.08678121119737625,,
3,2459,,0.10637146979570389,,
3,2469,,0.30714309215545654,,
3,2479,,0.37964528799057007,,
3,2489,,0.1320311576128006,,
3,2499,,0.13146382570266724,,
3,2509,,0.11376524716615677,,
3,2519,,0.3493725061416626,,
3,2529,,0.5141672492027283,,
3,2539,,0.3310714364051819,,
3,2549,,0.13246935606002808,,
3,2559,,0.09758792817592621,,
3,2569,,0.6851244568824768,,
3,2579,,0.22460594773292542,,
3,2589,,0.1030774787068367,,
3,2599,,0.4440627098083496,,
3,2609,,0.6923659443855286,,
3,2619,,0.1797584742307663,,
3,2629,,0.03888443857431412,,
3,2639,,0.12652236223220825,,
3,2649,,0.08642449975013733,,
3,2659,,0.34938955307006836,,
3,2669,,0.3459291160106659,,
3,2679,,0.4694599509239197,,
3,2689,,0.25023317337036133,,
3,2699,,0.12857837975025177,,
3,2709,,0.126746267080307,,
3,2719,,0.08803185820579529,,
3,2729,,0.25869008898735046,,
3,2739,,0.14487776160240173,,
3,2749,,0.16564194858074188,,
3,2759,,0.07799170166254044,,
3,2769,,0.19504627585411072,,
3,2779,,0.16408944129943848,,
3,2789,,0.24118781089782715,,
3,2799,,0.14720307290554047,,
3,2809,,0.028904207050800323,,
3,2819,,0.0727093443274498,,
3,2829,,0.898104727268219,,
3,2839,,0.1804589182138443,,
3,2849,,0.23559056222438812,,
3,2859,,0.2511847913265228,,
3,2869,,0.1537402719259262,,
3,2879,,0.15691548585891724,,
3,2889,,0.17868775129318237,,
3,2899,,0.15899409353733063,,
3,2909,,0.24095316231250763,,
3,2919,,0.22011953592300415,,
3,2929,,0.4822736382484436,,
3,2939,,0.07639956474304199,,
3,2949,,0.0785464271903038,,
3,2959,,0.1920781284570694,,
3,2969,,0.16398891806602478,,
3,2979,,0.15966303646564484,,
3,2979,,,0.9191666841506958,0.2685413956642151
3,2979,0.2350812703371048,,,
4,2989,,0.23533274233341217,,
4,2999,,0.11874915659427643,,
4,3009,,0.06351301819086075,,
4,3019,,0.2082066386938095,,
4,3029,,0.08365022391080856,,
4,3039,,0.290296733379364,,
4,3049,,0.16876646876335144,,
4,3059,,0.6942405700683594,,
4,3069,,0.09467338770627975,,
4,3079,,0.1863841414451599,,
4,3089,,0.11410888284444809,,
4,3099,,0.12860776484012604,,
4,3109,,0.060451146215200424,,
4,3119,,0.0651809498667717,,
4,3129,,0.16891436278820038,,
4,3139,,0.09782671183347702,,
4,3149,,0.25984054803848267,,
4,3159,,0.25203484296798706,,
4,3169,,0.007008148357272148,,
4,3179,,0.16555318236351013,,
4,3189,,0.07434124499559402,,
4,3199,,0.08940424025058746,,
4,3209,,0.21374087035655975,,
4,3219,,0.3046559691429138,,
4,3229,,0.13531352579593658,,
4,3239,,0.1708180159330368,,
4,3249,,0.34368377923965454,,
4,3259,,0.08791090548038483,,
4,3269,,0.22898194193840027,,
4,3279,,0.18646882474422455,,
4,3289,,0.06349732726812363,,
4,3299,,0.0624781958758831,,
4,3309,,0.27697286009788513,,
4,3319,,0.34188124537467957,,
4,3329,,0.3649023771286011,,
4,3339,,0.15307344496250153,,
4,3349,,0.22787383198738098,,
4,3359,,0.15550394356250763,,
4,3369,,0.11613290756940842,,
4,3379,,0.25540634989738464,,
4,3389,,0.22231698036193848,,
4,3399,,0.10220371186733246,,
4,3409,,0.1677279770374298,,
4,3419,,0.21737726032733917,,
4,3429,,0.16045060753822327,,
4,3439,,0.12600386142730713,,
4,3449,,0.1485476940870285,,
4,3459,,0.20070454478263855,,
4,3469,,0.3047035038471222,,
4,3479,,0.09101412445306778,,
4,3489,,0.2544998526573181,,
4,3499,,0.26907917857170105,,
4,3509,,0.010888288728892803,,
4,3519,,0.024716248735785484,,
4,3529,,0.17861227691173553,,
4,3539,,0.1751968413591385,,
4,3549,,0.22257862985134125,,
4,3559,,0.05969719961285591,,
4,3569,,0.13541951775550842,,
4,3579,,0.5844452381134033,,
4,3589,,0.07278163731098175,,
4,3599,,0.6448675394058228,,
4,3609,,0.12496791779994965,,
4,3619,,0.13407093286514282,,
4,3629,,0.2284574955701828,,
4,3639,,0.2606377899646759,,
4,3649,,0.29352256655693054,,
4,3659,,0.23212574422359467,,
4,3669,,0.20984585583209991,,
4,3679,,0.2747592329978943,,
4,3689,,0.3985782861709595,,
4,3699,,0.08155325055122375,,
4,3709,,0.3097502887248993,,
4,3719,,0.5960004329681396,,
4,3724,,,0.9200000166893005,0.26197996735572815
4,3724,0.19386953115463257,,,
5,3729,,0.10725864768028259,,
5,3739,,0.09023984521627426,,
5,3749,,0.13918422162532806,,
5,3759,,0.19696049392223358,,
5,3769,,0.29480475187301636,,
5,3779,,0.07074425369501114,,
5,3789,,0.08262402564287186,,
5,3799,,0.5718106031417847,,
5,3809,,0.0525517463684082,,
5,3819,,0.3861421048641205,,
5,3829,,0.1272663027048111,,
5,3839,,0.127060204744339,,
5,3849,,0.3338336944580078,,
5,3859,,0.1818082332611084,,
5,3869,,0.0663687139749527,,
5,3879,,0.026974590495228767,,
5,3889,,0.025511987507343292,,
5,3899,,0.012270720675587654,,
5,3909,,0.01488437969237566,,
5,3919,,0.0611177422106266,,
5,3929,,0.22512665390968323,,
5,3939,,0.09927158057689667,,
5,3949,,0.1642872542142868,,
5,3959,,0.07343044877052307,,
5,3969,,0.10700813680887222,,
5,3979,,0.2928266227245331,,
5,3989,,0.05561430752277374,,
5,3999,,0.029783079400658607,,
5,4009,,0.339100182056427,,
5,4019,,0.1654183268547058,,
5,4029,,0.21789869666099548,,
5,4039,,0.13020658493041992,,
5,4049,,0.14665064215660095,,
5,4059,,0.2729361355304718,,
5,4069,,0.13363690674304962,,
5,4079,,0.1026621162891388,,
5,4089,,0.5537022352218628,,
5,4099,,0.26250332593917847,,
5,4109,,0.05076984688639641,,
5,4119,,0.20156358182430267,,
5,4129,,0.37711313366889954,,
5,4139,,0.04769875109195709,,
5,4149,,0.4552193880081177,,
5,4159,,0.09067273139953613,,
5,4169,,0.032188668847084045,,
5,4179,,0.2781945765018463,,
5,4189,,0.1262132227420807,,
5,4199,,0.1539412885904312,,
5,4209,,0.20707613229751587,,
5,4219,,0.543982744216919,,
5,4229,,0.30576804280281067,,
5,4239,,0.17724008858203888,,
5,4249,,0.040010496973991394,,
5,4259,,0.034291643649339676,,
5,4269,,0.03220323473215103,,
5,4279,,0.2427108883857727,,
5,4289,,0.06055551394820213,,
5,4299,,0.09875556826591492,,
5,4309,,0.26673945784568787,,
5,4319,,0.19068507850170135,,
5,4329,,0.2462417185306549,,
5,4339,,0.01572207175195217,,
5,4349,,0.0712624341249466,,
5,4359,,0.1153336688876152,,
5,4369,,0.062172792851924896,,
5,4379,,0.1800595074892044,,
5,4389,,0.032313648611307144,,
5,4399,,0.15907475352287292,,
5,4409,,0.15343639254570007,,
5,4419,,0.38865330815315247,,
5,4429,,0.3739268481731415,,
5,4439,,0.2515164613723755,,
5,4449,,0.3660006523132324,,
5,4459,,0.23948509991168976,,
5,4469,,0.18049277365207672,,
5,4469,,,0.9181249737739563,0.3052375614643097
5,4469,0.1663047969341278,,,
6,4479,,0.018667016178369522,,
6,4489,,0.2606253921985626,,
6,4499,,0.14345799386501312,,
6,4509,,0.0467386394739151,,
6,4519,,0.04246946796774864,,
6,4529,,0.06416920572519302,,
6,4539,,0.0854816809296608,,
6,4549,,0.5158522725105286,,
6,4559,,0.004124294500797987,,
6,4569,,0.2155330777168274,,
6,4579,,0.18047820031642914,,
6,4589,,0.17198960483074188,,
6,4599,,0.027934391051530838,,
6,4609,,0.11027427762746811,,
6,4619,,0.2361202836036682,,
6,4629,,0.21237002313137054,,
6,4639,,0.2382216453552246,,
6,4649,,0.015598351135849953,,
6,4659,,0.06277226656675339,,
6,4669,,0.01795222982764244,,
6,4679,,0.031022753566503525,,
6,4689,,0.029987692832946777,,
6,4699,,0.3243855834007263,,
6,4709,,0.005042676348239183,,
6,4719,,0.18217016756534576,,
6,4729,,0.13255317509174347,,
6,4739,,0.09703374654054642,,
6,4749,,0.1289154291152954,,
6,4759,,0.3018951117992401,,
6,4769,,0.28137657046318054,,
6,4779,,0.3767043650150299,,
6,4789,,0.03496306389570236,,
6,4799,,0.04408462345600128,,
6,4809,,0.06066397950053215,,
6,4819,,0.04158090054988861,,
6,4829,,0.221465602517128,,
6,4839,,0.20690543949604034,,
6,4849,,0.16485421359539032,,
6,4859,,0.3920658826828003,,
6,4869,,0.22719447314739227,,
6,4879,,0.24726994335651398,,
6,4889,,0.1043841540813446,,
6,4899,,0.06307276338338852,,
6,4909,,0.16983671486377716,,
6,4919,,0.09353411942720413,,
6,4929,,0.07075733691453934,,
6,4939,,0.1677442193031311,,
6,4949,,0.009152056649327278,,
6,4959,,0.09770006686449051,,
6,4969,,0.07415546476840973,,
6,4979,,0.015059992671012878,,
6,4989,,0.1560409814119339,,
6,4999,,0.3270857632160187,,
6,5009,,0.07802341133356094,,
6,5019,,0.03161253407597542,,
6,5029,,0.2122306227684021,,
6,5039,,0.13031363487243652,,
6,5049,,0.020195480436086655,,
6,5059,,0.27290084958076477,,
6,5069,,0.08186505734920502,,
6,5079,,0.3268815875053406,,
6,5089,,0.05152957886457443,,
6,5099,,0.38426434993743896,,
6,5109,,0.1590646654367447,,
6,5119,,0.0508074052631855,,
6,5129,,0.03192867338657379,,
6,5139,,0.16343657672405243,,
6,5149,,0.10260244458913803,,
6,5159,,0.31166568398475647,,
6,5169,,0.0363117977976799,,
6,5179,,0.09346120059490204,,
6,5189,,0.12436867505311966,,
6,5199,,0.08799687772989273,,
6,5209,,0.04291950538754463,,
6,5214,,,0.9229166507720947,0.2928209602832794
6,5214,0.14128664135932922,,,
7,5219,,0.07043584436178207,,
7,5229,,0.03842170909047127,,
7,5239,,0.486635684967041,,
7,5249,,0.07441116124391556,,
7,5259,,0.25766855478286743,,
7,5269,,0.25596946477890015,,
7,5279,,0.3419608175754547,,
7,5289,,0.3907209634780884,,
7,5299,,0.01678731106221676,,
7,5309,,0.13861916959285736,,
7,5319,,0.006929081864655018,,
7,5329,,0.10340075194835663,,
7,5339,,0.20965354144573212,,
7,5349,,0.10301542282104492,,
7,5359,,0.11071302741765976,,
7,5369,,0.2638418674468994,,
7,5379,,0.11728060245513916,,
7,5389,,0.11015201359987259,,
7,5399,,0.06110798940062523,,
7,5409,,0.18821978569030762,,
7,5419,,0.009841397404670715,,
7,5429,,0.004115515388548374,,
7,5439,,0.08226604014635086,,
7,5449,,0.3533671796321869,,
7,5459,,0.06360892951488495,,
7,5469,,0.19376301765441895,,
7,5479,,0.049136918038129807,,
7,5489,,0.11105885356664658,,
7,5499,,0.2499959021806717,,
7,5509,,0.165164515376091,,
7,5519,,0.8732745051383972,,
7,5529,,0.0676233321428299,,
7,5539,,0.035360876470804214,,
7,5549,,0.1174737960100174,,
7,5559,,0.1406092792749405,,
7,5569,,0.05983381345868111,,
7,5579,,0.040004707872867584,,
7,5589,,0.2346518188714981,,
7,5599,,0.0648106262087822,,
7,5609,,0.3163309693336487,,
7,5619,,0.23099476099014282,,
7,5629,,0.025602983310818672,,
7,5639,,0.037854406982660294,,
7,5649,,0.062219321727752686,,
7,5659,,0.01993364281952381,,
7,5669,,0.027399560436606407,,
7,5679,,0.19147588312625885,,
7,5689,,0.06504196673631668,,
7,5699,,0.05829498916864395,,
7,5709,,0.24270662665367126,,
7,5719,,0.08119703829288483,,
7,5729,,0.038225796073675156,,
7,5739,,0.09579909592866898,,
7,5749,,0.049943458288908005,,
7,5759,,0.10492285341024399,,
7,5769,,0.058023013174533844,,
7,5779,,0.20210900902748108,,
7,5789,,0.07776011526584625,,
7,5799,,0.16115263104438782,,
7,5809,,0.15735645592212677,,
7,5819,,0.006264511961489916,,
7,5829,,0.25387081503868103,,
7,5839,,0.08192808926105499,,
7,5849,,0.018908275291323662,,
7,5859,,0.6708174347877502,,
7,5869,,0.0036992456298321486,,
7,5879,,0.07203266024589539,,
7,5889,,0.02958114631474018,,
7,5899,,0.1459183394908905,,
7,5909,,0.0447029285132885,,
7,5919,,0.012123539112508297,,
7,5929,,0.2068503350019455,,
7,5939,,0.05596788972616196,,
7,5949,,0.010890237055718899,,
7,5959,,0.01739034429192543,,
7,5959,,,0.9164583086967468,0.34031859040260315
7,5959,0.12141305953264236,,,
8,5969,,0.026164289563894272,,
8,5979,,0.006059841252863407,,
8,5989,,0.07806548476219177,,
8,5999,,0.013249695301055908,,
8,6009,,0.062441613525152206,,
8,6019,,0.03421185165643692,,
8,6029,,0.09799488633871078,,
8,6039,,0.017385201528668404,,
8,6049,,0.13687799870967865,,
8,6059,,0.15756306052207947,,
8,6069,,0.21902307868003845,,
8,6079,,0.18544909358024597,,
8,6089,,0.05331892520189285,,
8,6099,,0.04104821756482124,,
8,6109,,0.0522724948823452,,
8,6119,,0.024846090003848076,,
8,6129,,0.06555641442537308,,
8,6139,,0.2294541895389557,,
8,6149,,0.2076834887266159,,
8,6159,,0.2283799797296524,,
8,6169,,0.3407089412212372,,
8,6179,,0.2097432166337967,,
8,6189,,0.05114881321787834,,
8,6199,,0.0841849073767662,,
8,6209,,0.23225946724414825,,
8,6219,,0.07749026268720627,,
8,6229,,0.31893858313560486,,
8,6239,,0.014563842676579952,,
8,6249,,0.15466873347759247,,
8,6259,,0.04203420504927635,,
8,6269,,0.11615286767482758,,
8,6279,,0.23127904534339905,,
8,6289,,0.24158531427383423,,
8,6299,,0.16860128939151764,,
8,6309,,0.1639368236064911,,
8,6319,,0.7632083892822266,,
8,6329,,0.04050220549106598,,
8,6339,,0.12192315608263016,,
8,6349,,0.1080360934138298,,
8,6359,,0.10678202658891678,,
8,6369,,0.1892080008983612,,
8,6379,,0.01203998550772667,,
8,6389,,0.06104495748877525,,
8,6399,,0.04175993427634239,,
8,6409,,0.045592740178108215,,
8,6419,,0.006338696461170912,,
8,6429,,0.053639695048332214,,
8,6439,,0.13111717998981476,,
8,6449,,0.02593259885907173,,
8,6459,,0.012221391312777996,,
8,6469,,0.09567652642726898,,
8,6479,,0.021259689703583717,,
8,6489,,0.2717345654964447,,
8,6499,,0.06480225175619125,,
8,6509,,0.0612422339618206,,
8,6519,,0.033465128391981125,,
8,6529,,0.052795544266700745,,
8,6539,,0.16975277662277222,,
8,6549,,0.203974649310112,,
8,6559,,0.05465293303132057,,
8,6569,,0.01934969052672386,,
8,6579,,0.18634438514709473,,
8,6589,,0.08321096748113632,,
8,6599,,0.05592988803982735,,
8,6609,,0.13212978839874268,,
8,6619,,0.15298762917518616,,
8,6629,,0.07436707615852356,,
8,6639,,0.18694782257080078,,
8,6649,,0.00518712867051363,,
8,6659,,0.18733926117420197,,
8,6669,,0.2620081901550293,,
8,6679,,0.28705260157585144,,
8,6689,,0.64082270860672,,
8,6699,,0.0641179159283638,,
8,6704,,,0.9237499833106995,0.34967175126075745
8,6704,0.10972771793603897,,,
9,6709,,0.12082921713590622,,
9,6719,,0.043608952313661575,,
9,6729,,0.01420147530734539,,
9,6739,,0.0032376667950302362,,
9,6749,,0.016311008483171463,,
9,6759,,0.2708480656147003,,
9,6769,,0.021949004381895065,,
9,6779,,0.068167544901371,,
9,6789,,0.15047959983348846,,
9,6799,,0.14260166883468628,,
9,6809,,0.037747856229543686,,
9,6819,,0.05609314143657684,,
9,6829,,0.04078599065542221,,
9,6839,,0.13792531192302704,,
9,6849,,0.006657474208623171,,
9,6859,,0.14652295410633087,,
9,6869,,0.02940250374376774,,
9,6879,,0.03105788119137287,,
9,6889,,0.0029069583397358656,,
9,6899,,0.08405108004808426,,
9,6909,,0.030929209664463997,,
9,6919,,0.04453706741333008,,
9,6929,,0.007954251021146774,,
9,6939,,0.10670147836208344,,
9,6949,,0.08964969962835312,,
9,6959,,0.03415088728070259,,
9,6969,,0.055207785218954086,,
9,6979,,0.07457780092954636,,
9,6989,,0.017780650407075882,,
9,6999,,0.04286547377705574,,
9,7009,,0.13300618529319763,,
9,7019,,0.0968422070145607,,
9,7029,,0.10074010491371155,,
9,7039,,0.12073301523923874,,
9,7049,,0.2821720838546753,,
9,7059,,0.11394133418798447,,
9,7069,,0.0359339565038681,,
9,7079,,0.15164953470230103,,
9,7089,,0.013502806425094604,,
9,7099,,0.0435064397752285,,
9,7109,,0.0414794497191906,,
9,7119,,0.006751503329724073,,
9,7129,,0.015035415068268776,,
9,7139,,0.03440482169389725,,
9,7149,,0.009642503224313259,,
9,7159,,0.03566781431436539,,
9,7169,,0.043270837515592575,,
9,7179,,0.03631923720240593,,
9,7189,,0.04303286597132683,,
9,7199,,0.10389981418848038,,
9,7209,,0.06284921616315842,,
9,7219,,0.2446756213903427,,
9,7229,,0.25613948702812195,,
9,7239,,0.07131625711917877,,
9,7249,,0.02286834642291069,,
9,7259,,0.1799456775188446,,
9,7269,,0.03283628448843956,,
9,7279,,0.020559675991535187,,
9,7289,,0.2582095265388489,,
9,7299,,0.17080263793468475,,
9,7309,,0.23152463138103485,,
9,7319,,0.011905241757631302,,
9,7329,,0.011356883682310581,,
9,7339,,0.10848034173250198,,
9,7349,,0.26169314980506897,,
9,7359,,0.05876197665929794,,
9,7369,,0.1732538640499115,,
9,7379,,0.025561071932315826,,
9,7389,,0.016593560576438904,,
9,7399,,0.5505021810531616,,
9,7409,,0.015246533788740635,,
9,7419,,0.05527924373745918,,
9,7429,,0.07708684355020523,,
9,7439,,0.03527357801795006,,
9,7449,,0.21493056416511536,,
9,7449,,,0.9035416841506958,0.42125988006591797
9,7449,0.09100692719221115,,,
10,7459,,0.003275105031207204,,
10,7469,,0.03272784501314163,,
10,7479,,0.20989340543746948,,
10,7489,,0.08719328045845032,,
10,7499,,0.06863565742969513,,
10,7509,,0.01025583315640688,,
10,7519,,0.011823760345578194,,
10,7529,,0.10365504771471024,,
10,7539,,0.014792007394134998,,
10,7549,,0.0053478265181183815,,
10,7559,,0.04419951140880585,,
10,7569,,0.054727062582969666,,
10,7579,,0.007393093314021826,,
10,7589,,0.009199531748890877,,
10,7599,,0.12062697857618332,,
10,7609,,0.023707907646894455,,
10,7619,,0.07105312496423721,,
10,7629,,0.13988450169563293,,
10,7639,,0.01282560359686613,,
10,7649,,0.029101219028234482,,
10,7659,,0.1993035227060318,,
10,7669,,0.042369142174720764,,
10,7679,,0.03880872204899788,,
10,7689,,0.005110445432364941,,
10,7699,,0.0007339976145885885,,
10,7709,,0.1204741895198822,,
10,7719,,0.013522621244192123,,
10,7729,,0.10229149460792542,,
10,7739,,0.00950374361127615,,
10,7749,,0.05946006625890732,,
10,7759,,0.1385645568370819,,
10,7769,,0.34732261300086975,,
10,7779,,0.00315271457657218,,
10,7789,,0.028959862887859344,,
10,7799,,0.10209626704454422,,
10,7809,,0.013964921236038208,,
10,7819,,0.14994102716445923,,
10,7829,,0.06136482208967209,,
10,7839,,0.008777272887527943,,
10,7849,,0.007848150096833706,,
10,7859,,0.004847374744713306,,
10,7869,,0.16251759231090546,,
10,7879,,0.06802116334438324,,
10,7889,,0.0365508534014225,,
10,7899,,0.0014062707778066397,,
10,7909,,0.08771656453609467,,
10,7919,,0.024885544553399086,,
10,7929,,0.006482984405010939,,
10,7939,,0.03527313098311424,,
10,7949,,0.06868869811296463,,
10,7959,,0.0959082767367363,,
10,7969,,0.00463594775646925,,
10,7979,,0.030706219375133514,,
10,7989,,0.15494272112846375,,
10,7999,,0.008806399069726467,,
10,8009,,0.1413223147392273,,
10,8019,,0.2447042614221573,,
10,8029,,0.26807641983032227,,
10,8039,,0.10887762904167175,,
10,8049,,0.093629851937294,,
10,8059,,0.23757359385490417,,
10,8069,,0.24573475122451782,,
10,8079,,0.02964305691421032,,
10,8089,,0.379426509141922,,
10,8099,,0.04952218756079674,,
10,8109,,0.12415727227926254,,
10,8119,,0.05386992543935776,,
10,8129,,0.03486618027091026,,
10,8139,,0.025775035843253136,,
10,8149,,0.03450945392251015,,
10,8159,,0.04659752920269966,,
10,8169,,0.22956684231758118,,
10,8179,,0.2667126953601837,,
10,8189,,0.009541889652609825,,
10,8194,,,0.92166668176651,0.4306378662586212
10,8194,0.08038842678070068,,,
11,8199,,0.03848826512694359,,
11,8209,,0.05508790165185928,,
11,8219,,0.000787366006989032,,
11,8229,,0.004645952954888344,,
11,8239,,0.11149203777313232,,
11,8249,,0.12178926169872284,,
11,8259,,0.004859836306422949,,
11,8269,,0.010466234758496284,,
11,8279,,0.016032613813877106,,
11,8289,,0.004744112491607666,,
11,8299,,0.05577053129673004,,
11,8309,,0.1732877790927887,,
11,8319,,0.34500405192375183,,
11,8329,,0.0018843457801267505,,
11,8339,,0.06812044978141785,,
11,8349,,0.00148312421515584,,
11,8359,,0.010175398550927639,,
11,8369,,0.014761088415980339,,
11,8379,,0.003531703259795904,,
11,8389,,0.026025552302598953,,
11,8399,,0.21357294917106628,,
11,8409,,0.013136635534465313,,
11,8419,,0.1407860368490219,,
11,8429,,0.23430031538009644,,
11,8439,,0.005497817415744066,,
11,8449,,0.09602029621601105,,
11,8459,,0.06603182107210159,,
11,8469,,0.008477906696498394,,
11,8479,,0.15477760136127472,,
11,8489,,0.0043860990554094315,,
11,8499,,0.004828618373721838,,
11,8509,,0.05944666638970375,,
11,8519,,0.02695782296359539,,
11,8529,,0.0048897163942456245,,
11,8539,,0.03988946974277496,,
11,8549,,0.09135115891695023,,
11,8559,,0.15304066240787506,,
11,8569,,0.038012851029634476,,
11,8579,,0.01283498015254736,,
11,8589,,0.06222061812877655,,
11,8599,,0.024120690301060677,,
11,8609,,0.17483234405517578,,
11,8619,,0.19756430387496948,,
11,8629,,0.23442819714546204,,
11,8639,,0.22082611918449402,,
11,8649,,0.2433636486530304,,
11,8659,,0.09877528995275497,,
11,8669,,0.011618996039032936,,
11,8679,,0.0030992040410637856,,
11,8689,,0.135494202375412,,
11,8699,,0.33075958490371704,,
11,8709,,0.04255140200257301,,
11,8719,,0.021276840940117836,,
11,8729,,0.13219517469406128,,
11,8739,,0.025158651173114777,,
11,8749,,0.0238555446267128,,
11,8759,,0.22600428760051727,,
11,8769,,0.006284844595938921,,
11,8779,,0.012027216143906116,,
11,8789,,0.04755380004644394,,
11,8799,,0.03475363925099373,,
11,8809,,0.11574027687311172,,
11,8819,,0.012087691575288773,,
11,8829,,0.14521829783916473,,
11,8839,,0.017384665086865425,,
11,8849,,0.2090630829334259,,
11,8859,,0.08224872499704361,,
11,8869,,0.017391350120306015,,
11,8879,,0.11234600096940994,,
11,8889,,0.022069187834858894,,
11,8899,,0.0464320108294487,,
11,8909,,0.0009386968449689448,,
11,8919,,0.08588030189275742,,
11,8929,,0.017481988295912743,,
11,8939,,0.16447040438652039,,
11,8939,,,0.9043750166893005,0.4456441104412079
11,8939,0.06859384477138519,,,
12,8949,,0.14656652510166168,,
12,8959,,0.18546316027641296,,
12,8969,,0.06463868170976639,,
12,8979,,0.01773661933839321,,
12,8989,,0.003568287007510662,,
12,8999,,0.06737851351499557,,
12,9009,,0.0008764078374952078,,
12,9019,,0.004089989699423313,,
12,9029,,0.006299453321844339,,
12,9039,,0.17881061136722565,,
12,9049,,0.016668181866407394,,
12,9059,,0.035404931753873825,,
12,9069,,0.10540270060300827,,
12,9079,,0.06489574164152145,,
12,9089,,0.09744938462972641,,
12,9099,,0.019862117245793343,,
12,9109,,0.2592832148075104,,
12,9119,,0.00032927916618064046,,
12,9129,,0.0038934724871069193,,
12,9139,,0.31630414724349976,,
12,9149,,0.013473260216414928,,
12,9159,,0.026439303532242775,,
12,9169,,0.194727823138237,,
12,9179,,0.10282201319932938,,
12,9189,,0.0004834303690586239,,
12,9199,,0.07189705222845078,,
12,9209,,0.08343968540430069,,
12,9219,,0.01213079784065485,,
12,9229,,0.008097083307802677,,
12,9239,,0.15548117458820343,,
12,9249,,0.028790540993213654,,
12,9259,,0.004512635059654713,,
12,9269,,0.22435973584651947,,
12,9279,,0.07146692276000977,,
12,9289,,0.0705934390425682,,
12,9299,,0.1007671058177948,,
12,9309,,0.08483570069074631,,
12,9319,,0.005390736274421215,,
12,9329,,0.0037174380850046873,,
12,9339,,0.058450229465961456,,
12,9349,,0.006199596915394068,,
12,9359,,0.016856975853443146,,
12,9369,,0.2012978047132492,,
12,9379,,0.11077570170164108,,
12,9389,,0.002833503996953368,,
12,9399,,0.014895740896463394,,
12,9409,,0.014303173869848251,,
12,9419,,0.06001411750912666,,
12,9429,,0.002070879563689232,,
12,9439,,0.03104429319500923,,
12,9449,,0.06558160483837128,,
12,9459,,0.006600404158234596,,
12,9469,,0.03148134797811508,,
12,9479,,0.006601417902857065,,
12,9489,,0.07909716665744781,,
12,9499,,0.01040840707719326,,
12,9509,,0.16562655568122864,,
12,9519,,0.06790642440319061,,
12,9529,,0.00043052330147475004,,
12,9539,,0.0027541150338947773,,
12,9549,,0.017080824822187424,,
12,9559,,0.1339622437953949,,
12,9569,,0.006951619870960712,,
12,9579,,0.011310764588415623,,
12,9589,,0.10534744709730148,,
12,9599,,0.007498022634536028,,
12,9609,,0.007636616472154856,,
12,9619,,0.00549742765724659,,
12,9629,,0.008646389469504356,,
12,9639,,0.14908219873905182,,
12,9649,,0.047230158001184464,,
12,9659,,0.16319873929023743,,
12,9669,,0.008514919318258762,,
12,9679,,0.1858060657978058,,
12,9684,,,0.9235416650772095,0.4917561411857605
12,9684,0.05906493589282036,,,
13,9689,,0.06907571107149124,,
13,9699,,0.010593852028250694,,
13,9709,,0.0062705944292247295,,
13,9719,,0.0036714845336973667,,
13,9729,,0.0008289342513307929,,
13,9739,,0.12023108452558517,,
13,9749,,0.15987154841423035,,
13,9759,,0.0004233857907820493,,
13,9769,,0.005935645196586847,,
13,9779,,0.0022262604907155037,,
13,9789,,0.23576021194458008,,
13,9799,,0.02717740647494793,,
13,9809,,0.059811029583215714,,
13,9819,,0.10495832562446594,,
13,9829,,0.03128711134195328,,
13,9839,,0.00967426598072052,,
13,9849,,0.01503486093133688,,
13,9859,,0.05466922000050545,,
13,9869,,0.00034367048647254705,,
13,9879,,0.00028742023278027773,,
13,9889,,0.004051860887557268,,
13,9899,,0.0009373627253808081,,
13,9909,,0.00024325281265191734,,
13,9919,,0.08277418464422226,,
13,9929,,0.14348053932189941,,
13,9939,,0.00720787001773715,,
13,9949,,0.049960073083639145,,
13,9959,,0.12065679579973221,,
13,9969,,0.029413443058729172,,
13,9979,,0.008923718705773354,,
13,9989,,0.06500287353992462,,
13,9999,,0.022406553849577904,,
13,10009,,0.009066694416105747,,
13,10019,,0.007040383759886026,,
13,10029,,0.0019985453691333532,,
13,10039,,0.013916315510869026,,
13,10049,,0.0017215429106727242,,
13,10059,,0.014892328530550003,,
13,10069,,0.00035275620757602155,,
13,10079,,0.052849944680929184,,
13,10089,,0.014207244850695133,,
13,10099,,0.014595321379601955,,
13,10109,,0.036147359758615494,,
13,10119,,0.2410014420747757,,
13,10129,,0.06210876628756523,,
13,10139,,0.016201743856072426,,
13,10149,,0.029254082590341568,,
13,10159,,0.012121107429265976,,
13,10169,,0.04899370297789574,,
13,10179,,0.05008189380168915,,
13,10189,,0.015835745260119438,,
13,10199,,0.002335411962121725,,
13,10209,,0.0005889295134693384,,
13,10219,,0.219619482755661,,
13,10229,,0.039397306740283966,,
13,10239,,0.00038592322380281985,,
13,10249,,0.011691971682012081,,
13,10259,,0.006122973281890154,,
13,10269,,0.12902851402759552,,
13,10279,,0.0013709809863939881,,
13,10289,,0.10258514434099197,,
13,10299,,0.00553092872723937,,
13,10309,,0.1289251744747162,,
13,10319,,0.024682870134711266,,
13,10329,,0.07320651412010193,,
13,10339,,0.02459733746945858,,
13,10349,,0.14199405908584595,,
13,10359,,0.0037287320010364056,,
13,10369,,0.0067495317198336124,,
13,10379,,0.0019195489585399628,,
13,10389,,0.1507624089717865,,
13,10399,,0.011417869478464127,,
13,10409,,0.014910366386175156,,
13,10419,,0.0908559039235115,,
13,10429,,0.010843903757631779,,
13,10429,,,0.9258333444595337,0.49211618304252625
13,10429,0.05270726978778839,,,
14,10439,,0.0032894692849367857,,
14,10449,,0.00015282210370060056,,
14,10459,,0.028051171451807022,,
14,10469,,0.015346433967351913,,
14,10479,,0.02838393859565258,,
14,10489,,0.007529485039412975,,
14,10499,,0.0015254648169502616,,
14,10509,,0.033925700932741165,,
14,10519,,0.009781339205801487,,
14,10529,,0.010828563012182713,,
14,10539,,5.7933666539611295e-05,,
14,10549,,0.00023916854115668684,,
14,10559,,0.0224149152636528,,
14,10569,,0.12279777973890305,,
14,10579,,0.12181631475687027,,
14,10589,,0.3471392095088959,,
14,10599,,0.0005587104824371636,,
14,10609,,0.1553945094347,,
14,10619,,0.0023630789946764708,,
14,10629,,0.011676711030304432,,
14,10639,,0.0012194232549518347,,
14,10649,,0.007353733293712139,,
14,10659,,0.001638872199691832,,
14,10669,,0.27835598587989807,,
14,10679,,0.00048364727990701795,,
14,10689,,0.020835304632782936,,
14,10699,,0.012533193454146385,,
14,10709,,0.12985320389270782,,
14,10719,,0.002798094879835844,,
14,10729,,0.17012238502502441,,
14,10739,,0.16352087259292603,,
14,10749,,0.057883717119693756,,
14,10759,,0.006178750190883875,,
14,10769,,0.010376955382525921,,
14,10779,,0.10851908475160599,,
14,10789,,0.028353886678814888,,
14,10799,,0.00569580402225256,,
14,10809,,0.031507138162851334,,
14,10819,,0.015714431181550026,,
14,10829,,0.00890392903238535,,
14,10839,,0.028073912486433983,,
14,10849,,0.02616773173213005,,
14,10859,,0.0006399436970241368,,
14,10869,,0.0002544417220633477,,
14,10879,,0.03556538745760918,,
14,10889,,0.018314698711037636,,
14,10899,,0.0015021426370367408,,
14,10909,,0.17867925763130188,,
14,10919,,0.00035573169589042664,,
14,10929,,0.16299790143966675,,
14,10939,,0.1748676747083664,,
14,10949,,0.033600177615880966,,
14,10959,,0.0008366269175894558,,
14,10969,,0.1302192360162735,,
14,10979,,0.08081278949975967,,
14,10989,,0.007206994108855724,,
14,10999,,0.0029160778503865004,,
14,11009,,0.017996367067098618,,
14,11019,,0.00031434782431460917,,
14,11029,,0.00028226288850419223,,
14,11039,,0.035775672644376755,,
14,11049,,0.027111580595374107,,
14,11059,,0.027183400467038155,,
14,11069,,0.02401989884674549,,
14,11079,,0.010285996831953526,,
14,11089,,0.025047622621059418,,
14,11099,,0.03070310316979885,,
14,11109,,0.011181211099028587,,
14,11119,,0.012764960527420044,,
14,11129,,0.01937405951321125,,
14,11139,,0.03365987539291382,,
14,11149,,0.0023475459311157465,,
14,11159,,0.0015863979933783412,,
14,11169,,0.0005354566965252161,,
14,11174,,,0.9231250286102295,0.49429774284362793
14,11174,0.050857458263635635,,,
15,11179,,0.0005102157010696828,,
15,11189,,0.007968233898282051,,
15,11199,,0.0076041738502681255,,
15,11209,,0.0010522690135985613,,
15,11219,,5.7863438996719196e-05,,
15,11229,,0.0005213023978285491,,
15,11239,,0.000695995579008013,,
15,11249,,0.01281746942549944,,
15,11259,,0.015693558380007744,,
15,11269,,0.015555194579064846,,
15,11279,,0.15078720450401306,,
15,11289,,0.017366301268339157,,
15,11299,,0.0012147072702646255,,
15,11309,,0.032670892775058746,,
15,11319,,0.024425609037280083,,
15,11329,,0.04608331620693207,,
15,11339,,0.012012897059321404,,
15,11349,,0.15595084428787231,,
15,11359,,0.0025803158059716225,,
15,11369,,0.13031472265720367,,
15,11379,,0.0016873908462002873,,
15,11389,,0.007135392166674137,,
15,11399,,0.0031158244237303734,,
15,11409,,0.0005740477354265749,,
15,11419,,0.003200156381353736,,
15,11429,,0.1034218966960907,,
15,11439,,0.1259004920721054,,
15,11449,,0.00020938737725373358,,
15,11459,,0.0037717786617577076,,
15,11469,,0.0036997697316110134,,
15,11479,,0.1142299473285675,,
15,11489,,0.13343191146850586,,
15,11499,,0.012759597972035408,,
15,11509,,0.06665549427270889,,
15,11519,,0.004989562090486288,,
15,11529,,0.04157453030347824,,
15,11539,,0.08840158581733704,,
15,11549,,0.000330907671013847,,
15,11559,,0.015592425130307674,,
15,11569,,0.21032293140888214,,
15,11579,,0.08077064156532288,,
15,11589,,0.19449898600578308,,
15,11599,,0.08434198796749115,,
15,11609,,0.027207156643271446,,
15,11619,,0.01477012038230896,,
15,11629,,0.08348340541124344,,
15,11639,,0.04206259176135063,,
15,11649,,0.012673838064074516,,
15,11659,,0.23224064707756042,,
15,11669,,0.04316035658121109,,
15,11679,,0.01619165763258934,,
15,11689,,0.0005783518427051604,,
15,11699,,0.06330877542495728,,
15,11709,,0.0004948867717757821,,
15,11719,,0.0018871533684432507,,
15,11729,,0.053004827350378036,,
15,11739,,0.006171900313347578,,
15,11749,,0.1774718016386032,,
15,11759,,0.0007707728073000908,,
15,11769,,0.001454092562198639,,
15,11779,,0.013976902700960636,,
15,11789,,0.0030886707827448845,,
15,11799,,0.14335253834724426,,
15,11809,,0.0018501417944207788,,
15,11819,,0.0051084114238619804,,
15,11829,,0.01032277476042509,,
15,11839,,0.0064440201967954636,,
15,11849,,0.005893317516893148,,
15,11859,,0.17776517570018768,,
15,11869,,0.004462249111384153,,
15,11879,,0.014637826010584831,,
15,11889,,0.0011613640235736966,,
15,11899,,0.00694966921582818,,
15,11909,,0.1456543654203415,,
15,11919,,0.01709449663758278,,
15,11919,,,0.9262499809265137,0.5082950592041016
15,11919,0.04810046777129173,,,
16,11929,,0.08003287017345428,,
16,11939,,0.11458921432495117,,
16,11949,,0.09123124182224274,,
16,11959,,0.3331935703754425,,
16,11969,,0.011415421031415462,,
16,11979,,0.01695602387189865,,
16,11989,,0.004274094011634588,,
16,11999,,0.03016248531639576,,
16,12009,,0.006134419701993465,,
16,12019,,0.002867303090170026,,
16,12029,,0.10542575269937515,,
16,12039,,0.0016677628736943007,,
16,12049,,0.014442202635109425,,
16,12059,,0.16912755370140076,,
16,12069,,0.14582549035549164,,
16,12079,,0.07382968813180923,,
16,12089,,0.015464694239199162,,
16,12099,,0.13140884041786194,,
16,12109,,0.00258594355545938,,
16,12119,,0.0010833719279617071,,
16,12129,,0.004911072552204132,,
16,12139,,0.01984204724431038,,
16,12149,,0.014279342256486416,,
16,12159,,0.0011705940123647451,,
16,12169,,0.006787515245378017,,
16,12179,,0.0006009782082401216,,
16,12189,,0.006361899897456169,,
16,12199,,0.003380346577614546,,
16,12209,,0.20938490331172943,,
16,12219,,0.010695303790271282,,
16,12229,,0.009951702319085598,,
16,12239,,0.0012004399904981256,,
16,12249,,0.008845015428960323,,
16,12259,,0.18785825371742249,,
16,12269,,0.0016887036617845297,,
16,12279,,0.014503736048936844,,
16,12289,,9.509902156423777e-05,,
16,12299,,0.1149430051445961,,
16,12309,,0.002040869789198041,,
16,12319,,0.16344384849071503,,
16,12329,,0.0750109851360321,,
16,12339,,0.029180997982621193,,
16,12349,,0.0018135578138753772,,
16,12359,,0.001027444377541542,,
16,12369,,0.0055792261846363544,,
16,12379,,0.014059547334909439,,
16,12389,,0.013346183113753796,,
16,12399,,0.017854928970336914,,
16,12409,,0.03650973364710808,,
16,12419,,0.01764807105064392,,
16,12429,,0.0009351868648082018,,
16,12439,,0.1925666183233261,,
16,12449,,0.008283298462629318,,
16,12459,,0.00011430746963014826,,
16,12469,,0.00018198575708083808,,
16,12479,,0.0017078523524105549,,
16,12489,,0.002568937372416258,,
16,12499,,0.0005902181146666408,,
16,12509,,0.0001372710248688236,,
16,12519,,0.0012023893650621176,,
16,12529,,0.006388580426573753,,
16,12539,,0.12320815026760101,,
16,12549,,0.0002107041364070028,,
16,12559,,0.0002168194914702326,,
16,12569,,0.012724291533231735,,
16,12579,,0.0015994081040844321,,
16,12589,,0.07729092985391617,,
16,12599,,0.0003464435285422951,,
16,12609,,0.0007811840623617172,,
16,12619,,0.03151647746562958,,
16,12629,,0.01573067344725132,,
16,12639,,0.013469473458826542,,
16,12649,,0.010891863144934177,,
16,12659,,0.12179509550333023,,
16,12664,,,0.9137499928474426,0.6286041140556335
16,12664,0.041164595633745193,,,
17,12669,,0.025579309090971947,,
17,12679,,0.046207889914512634,,
17,12689,,0.0013076785253360868,,
17,12699,,0.0004477612965274602,,
17,12709,,0.014860113151371479,,
17,12719,,0.003912870306521654,,
17,12729,,0.06848549097776413,,
17,12739,,0.004125361796468496,,
17,12749,,0.0007190227624960244,,
17,12759,,0.20722606778144836,,
17,12769,,0.001943037728779018,,
17,12779,,0.0021618183236569166,,
17,12789,,0.14018897712230682,,
17,12799,,0.0010271111968904734,,
17,12809,,0.1354973167181015,,
17,12819,,0.0008901571854948997,,
17,12829,,0.08247540146112442,,
17,12839,,0.09208809584379196,,
17,12849,,0.01175876334309578,,
17,12859,,0.026424381881952286,,
17,12869,,0.0038356822915375233,,
17,12879,,0.0353134423494339,,
17,12889,,0.006182788871228695,,
17,12899,,0.14604543149471283,,
17,12909,,0.016707127913832664,,
17,12919,,0.00490890396758914,,
17,12929,,0.00029207716579549015,,
17,12939,,0.11965405941009521,,
17,12949,,0.007911146618425846,,
17,12959,,0.0017910435562953353,,
17,12969,,0.0006496894056908786,,
17,12979,,0.0030861743725836277,,
17,12989,,0.000260103348409757,,
17,12999,,0.00185295264236629,,
17,13009,,0.17670992016792297,,
17,13019,,0.010732867754995823,,
17,13029,,0.005811396054923534,,
17,13039,,0.022380460053682327,,
17,13049,,0.02296058088541031,,
17,13059,,0.013288876973092556,,
17,13069,,0.0002832763420883566,,
17,13079,,0.005720463581383228,,
17,13089,,0.05559200048446655,,
17,13099,,0.014871873892843723,,
17,13109,,0.0738382339477539,,
17,13119,,0.06821583211421967,,
17,13129,,0.09703247249126434,,
17,13139,,0.12850651144981384,,
17,13149,,0.004802814684808254,,
17,13159,,0.09138616919517517,,
17,13169,,0.016099708154797554,,
17,13179,,0.12522177398204803,,
17,13189,,0.0010114290053024888,,
17,13199,,0.005743224639445543,,
17,13209,,0.0029146200977265835,,
17,13219,,0.08369220793247223,,
17,13229,,0.3434029221534729,,
17,13239,,0.002179159549996257,,
17,13249,,0.01903090812265873,,
17,13259,,0.1036200001835823,,
17,13269,,0.15480126440525055,,
17,13279,,0.1203317940235138,,
17,13289,,0.0007574937772005796,,
17,13299,,0.0008322386420331895,,
17,13309,,0.00027335621416568756,,
17,13319,,0.008545683696866035,,
17,13329,,8.05024683359079e-06,,
17,13339,,0.00018019667186308652,,
17,13349,,0.004162485245615244,,
17,13359,,0.006911876145750284,,
17,13369,,0.012425212189555168,,
17,13379,,0.009235522709786892,,
17,13389,,0.011422696523368359,,
17,13399,,0.004994222428649664,,
17,13409,,0.0006646495894528925,,
17,13409,,,0.9270833134651184,0.5701674222946167
17,13409,0.04128274321556091,,,
18,13419,,0.0038714061956852674,,
18,13429,,0.17895744740962982,,
18,13439,,0.07989831268787384,,
18,13449,,0.010876632295548916,,
18,13459,,0.0005039756651967764,,
18,13469,,0.03529856726527214,,
18,13479,,0.015566233545541763,,
18,13489,,0.010453351773321629,,
18,13499,,0.03901902586221695,,
18,13509,,0.005057651083916426,,
18,13519,,0.0009064690093509853,,
18,13529,,0.002995063317939639,,
18,13539,,0.00033652051934041083,,
18,13549,,0.020985597744584084,,
18,13559,,0.011733083985745907,,
18,13569,,0.10349123924970627,,
18,13579,,0.08092307299375534,,
18,13589,,0.15500903129577637,,
18,13599,,0.01805386319756508,,
18,13609,,0.00041624504956416786,,
18,13619,,0.006920909509062767,,
18,13629,,0.003435628255829215,,
18,13639,,0.006526223383843899,,
18,13649,,0.006895636208355427,,
18,13659,,0.0006597003666684031,,
18,13669,,0.014614094980061054,,
18,13679,,0.00017912089242599905,,
18,13689,,0.000108925552922301,,
18,13699,,0.009230358526110649,,
18,13709,,0.002620594808831811,,
18,13719,,0.19736292958259583,,
18,13729,,0.057215575128793716,,
18,13739,,0.008195246569812298,,
18,13749,,0.03361097723245621,,
18,13759,,0.0008757244795560837,,
18,13769,,0.005786063615232706,,
18,13779,,3.9773538446752355e-05,,
18,13789,,0.0019977467600256205,,
18,13799,,4.033139703096822e-05,,
18,13809,,0.12630601227283478,,
18,13819,,0.05312110856175423,,
18,13829,,5.0860512601502705e-06,,
18,13839,,0.009031821973621845,,
18,13849,,0.02237650379538536,,
18,13859,,0.5273179411888123,,
18,13869,,0.12478151172399521,,
18,13879,,0.039650771766901016,,
18,13889,,0.03467228636145592,,
18,13899,,0.008995688520371914,,
18,13909,,0.012345635332167149,,
18,13919,,0.17213216423988342,,
18,13929,,0.11080519109964371,,
18,13939,,0.0020370827987790108,,
18,13949,,0.008023624308407307,,
18,13959,,0.007161811925470829,,
18,13969,,0.31486770510673523,,
18,13979,,0.02899465151131153,,
18,13989,,0.022481676191091537,,
18,13999,,7.260531856445596e-05,,
18,14009,,0.1858036369085312,,
18,14019,,0.16817109286785126,,
18,14029,,0.000270072283456102,,
18,14039,,0.1540633589029312,,
18,14049,,0.1597701460123062,,
18,14059,,0.003907232079654932,,
18,14069,,1.8652595827006735e-05,,
18,14079,,0.0031555453315377235,,
18,14089,,0.003069543745368719,,
18,14099,,0.00014958718384150416,,
18,14109,,0.0006330040050670505,,
18,14119,,0.0001288038765778765,,
18,14129,,0.00893368385732174,,
18,14139,,0.01525423489511013,,
18,14149,,0.43107882142066956,,
18,14154,,,0.9231250286102295,0.5928998589515686
18,14154,0.037055253982543945,,,
19,14159,,0.13593189418315887,,
19,14169,,0.1775989532470703,,
19,14179,,0.00023036870697978884,,
19,14189,,0.000208252968150191,,
19,14199,,0.00035044498508796096,,
19,14209,,4.8794340727909e-06,,
19,14219,,5.947200406808406e-05,,
19,14229,,0.020506443455815315,,
19,14239,,0.0010431342525407672,,
19,14249,,0.018505342304706573,,
19,14259,,0.003710961202159524,,
19,14269,,0.007276442833244801,,
19,14279,,0.0482841394841671,,
19,14289,,0.0029634321108460426,,
19,14299,,0.001396606327034533,,
19,14309,,0.0012008282355964184,,
19,14319,,0.0016137543134391308,,
19,14329,,3.4575507015688345e-05,,
19,14339,,0.0009646715479902923,,
19,14349,,0.008531698025763035,,
19,14359,,0.19702492654323578,,
19,14369,,0.024173101410269737,,
19,14379,,0.0018827259773388505,,
19,14389,,0.0002732470748014748,,
19,14399,,0.041777271777391434,,
19,14409,,0.001442182227037847,,
19,14419,,0.00023083701671566814,,
19,14429,,0.014192277565598488,,
19,14439,,0.22698210179805756,,
19,14449,,0.0002325727982679382,,
19,14459,,0.0032604411244392395,,
19,14469,,0.003112758742645383,,
19,14479,,0.09558824449777603,,
19,14489,,0.0018146504880860448,,
19,14499,,0.000267153256572783,,
19,14509,,0.14008328318595886,,
19,14519,,0.010028216987848282,,
19,14529,,0.005817250348627567,,
19,14539,,0.007514054421335459,,
19,14549,,0.006258706096559763,,
19,14559,,0.00097864109557122,,
19,14569,,0.16670666635036469,,
19,14579,,0.0010495621245354414,,
19,14589,,0.0015594700817018747,,
19,14599,,0.011877825483679771,,
19,14609,,0.0033042666036635637,,
19,14619,,0.013614711351692677,,
19,14629,,0.16802209615707397,,
19,14639,,0.01959913782775402,,
19,14649,,0.1405491679906845,,
19,14659,,0.053285129368305206,,
19,14669,,0.0041330247186124325,,
19,14679,,0.0771976187825203,,
19,14689,,0.0052384561859071255,,
19,14699,,0.0009217442129738629,,
19,14709,,0.012945231050252914,,
19,14719,,0.1804780513048172,,
19,14729,,0.000554992409888655,,
19,14739,,0.08127488195896149,,
19,14749,,0.0033635650761425495,,
19,14759,,0.0007153524202294648,,
19,14769,,0.011362474411725998,,
19,14779,,0.00035942820250056684,,
19,14789,,0.05318760499358177,,
19,14799,,0.017643220722675323,,
19,14809,,0.005570313427597284,,
19,14819,,0.00014265914796851575,,
19,14829,,0.012009491212666035,,
19,14839,,0.0017646689666435122,,
19,14849,,0.010065360926091671,,
19,14859,,0.015907535329461098,,
19,14869,,0.018121490254998207,,
19,14879,,0.012446839362382889,,
19,14889,,0.006373472046107054,,
19,14899,,0.0028183201793581247,,
19,14899,,,0.92166668176651,0.6419686675071716
19,14899,0.03372538834810257,,,
20,14909,,0.2233836054801941,,
20,14919,,0.05374976620078087,,
20,14929,,3.2625666790409014e-05,,
20,14939,,0.0021934646647423506,,
20,14949,,0.004016069229692221,,
20,14959,,0.060904547572135925,,
20,14969,,0.1291431039571762,,
20,14979,,0.013119256123900414,,
20,14989,,0.06609608978033066,,
20,14999,,0.0032498864457011223,,
20,15009,,0.10561225563287735,,
20,15019,,0.00014344473311211914,,
20,15029,,0.0036555856931954622,,
20,15039,,6.181030767038465e-05,,
20,15049,,0.000403338490286842,,
20,15059,,0.012047323398292065,,
20,15069,,0.005043102893978357,,
20,15079,,0.005260651931166649,,
20,15089,,9.121163748204708e-05,,
20,15099,,0.006794991437345743,,
20,15109,,0.0029025962576270103,,
20,15119,,0.005537080578505993,,
20,15129,,0.04701816663146019,,
20,15139,,1.7245496337636723e-06,,
20,15149,,1.5166401681199204e-05,,
20,15159,,0.15869863331317902,,
20,15169,,0.02056337706744671,,
20,15179,,0.13877460360527039,,
20,15189,,0.008212094195187092,,
20,15199,,0.013503031805157661,,
20,15209,,0.01394231989979744,,
20,15219,,0.001877651084214449,,
20,15229,,0.005007333122193813,,
20,15239,,3.662294693640433e-05,,
20,15249,,0.0002856212086044252,,
20,15259,,0.07798442244529724,,
20,15269,,0.008578251115977764,,
20,15279,,0.00027183385100215673,,
20,15289,,1.3510378948922153e-07,,
20,15299,,0.1635611206293106,,
20,15309,,4.5655965550395194e-06,,
20,15319,,0.18012391030788422,,
20,15329,,0.028370853513479233,,
20,15339,,0.02398552931845188,,
20,15349,,0.028419554233551025,,
20,15359,,0.0087821613997221,,
20,15369,,0.010883803479373455,,
20,15379,,1.8241202269564383e-05,,
20,15389,,1.71820411196677e-05,,
20,15399,,0.0002771947765722871,,
20,15409,,0.03405158221721649,,
20,15419,,0.0016284248558804393,,
20,15429,,0.14730188250541687,,
20,15439,,0.00041505962144583464,,
20,15449,,0.0016658817185088992,,
20,15459,,0.009885297156870365,,
20,15469,,0.0038488400168716908,,
20,15479,,0.0053221541456878185,,
20,15489,,0.06970933079719543,,
20,15499,,0.0007827547960914671,,
20,15509,,0.03093588910996914,,
20,15519,,0.00365234911441803,,
20,15529,,0.10733800381422043,,
20,15539,,0.0010036986786872149,,
20,15549,,0.01818452589213848,,
20,15559,,0.0020947223529219627,,
20,15569,,0.01816176436841488,,
20,15579,,0.05118664726614952,,
20,15589,,0.08091695606708527,,
20,15599,,0.09394145756959915,,
20,15609,,0.00433734618127346,,
20,15619,,0.0009052836103364825,,
20,15629,,0.01650403067469597,,
20,15639,,0.005566333420574665,,
20,15644,,,0.9239583611488342,0.7407734394073486
20,15644,0.03608706593513489,,,
21,15649,,0.0012432356597855687,,
21,15659,,0.036572083830833435,,
21,15669,,0.0016295936657115817,,
21,15679,,0.19541436433792114,,
21,15689,,5.313111250870861e-05,,
21,15699,,0.00021293504687491804,,
21,15709,,2.7714944735635072e-05,,
21,15719,,0.009828123264014721,,
21,15729,,0.0034299378748983145,,
21,15739,,0.012689581140875816,,
21,15749,,0.00683391559869051,,
21,15759,,0.002905455883592367,,
21,15769,,0.010855312459170818,,
21,15779,,0.00527087552472949,,
21,15789,,0.020981257781386375,,
21,15799,,0.004436761140823364,,
21,15809,,0.22432395815849304,,
21,15819,,5.2371873607626185e-05,,
21,15829,,7.250938506331295e-05,,
21,15839,,0.0006148435641080141,,
21,15849,,0.13538946211338043,,
21,15859,,0.00802998524159193,,
21,15869,,0.003509850474074483,,
21,15879,,4.928662383463234e-05,,
21,15889,,0.00011822856322396547,,
21,15899,,0.0025729876942932606,,
21,15909,,0.005179679021239281,,
21,15919,,0.06993516534566879,,
21,15929,,0.19723044335842133,,
21,15939,,0.0007546440465375781,,
21,15949,,0.04461885988712311,,
21,15959,,0.001129430835135281,,
21,15969,,0.018329912796616554,,
21,15979,,0.011045224033296108,,
21,15989,,0.20373202860355377,,
21,15999,,0.032874394208192825,,
21,16009,,0.05903971940279007,,
21,16019,,0.08362720906734467,,
21,16029,,0.00026140070986002684,,
21,16039,,0.019428232684731483,,
21,16049,,0.0016184747219085693,,
21,16059,,1.6711650459910743e-05,,
21,16069,,0.11508926749229431,,
21,16079,,0.00038484466494992375,,
21,16089,,0.00262697646394372,,
21,16099,,6.665656837867573e-05,,
21,16109,,0.13067448139190674,,
21,16119,,0.014214683324098587,,
21,16129,,0.006252405699342489,,
21,16139,,0.0021752710454165936,,
21,16149,,0.0003966033400502056,,
21,16159,,0.003868578700348735,,
21,16169,,0.0002109987399308011,,
21,16179,,0.00014192081289365888,,
21,16189,,0.003020653035491705,,
21,16199,,0.0015698939096182585,,
21,16209,,0.0003459323779679835,,
21,16219,,0.00013655742804985493,,
21,16229,,0.005412467755377293,,
21,16239,,1.970378252735827e-05,,
21,16249,,1.346485260000918e-05,,
21,16259,,0.0022794599644839764,,
21,16269,,0.018167825415730476,,
21,16279,,0.010585471987724304,,
21,16289,,2.4473842131556012e-05,,
21,16299,,1.38679706651601e-06,,
21,16309,,0.006492490414530039,,
21,16319,,0.0025314416270703077,,
21,16329,,0.0036945915780961514,,
21,16339,,0.10268902033567429,,
21,16349,,0.0003358617832418531,,
21,16359,,0.010314918123185635,,
21,16369,,0.0051182531751692295,,
21,16379,,3.9068541809683666e-05,,
21,16389,,0.004762329626828432,,
21,16389,,,0.9241666793823242,0.6901134252548218
21,16389,0.03185688704252243,,,
22,16399,,0.1379035860300064,,
22,16409,,0.013562782667577267,,
22,16419,,0.0063246809877455235,,
22,16429,,8.113950570987072e-06,,
22,16439,,0.002561754547059536,,
22,16449,,0.14597560465335846,,
22,16459,,0.00033740096841938794,,
22,16469,,0.004999414552003145,,
22,16479,,0.00018010399071499705,,
22,16489,,0.17130063474178314,,
22,16499,,0.002696742070838809,,
22,16509,,0.00033804489066824317,,
22,16519,,0.00250812410376966,,
22,16529,,0.4161115288734436,,
22,16539,,0.00045626104110851884,,
22,16549,,0.0036911407951265574,,
22,16559,,0.2057330459356308,,
22,16569,,0.0651019886136055,,
22,16579,,7.481901320716133e-06,,
22,16589,,0.01237449236214161,,
22,16599,,0.01648666523396969,,
22,16609,,8.106175641842128e-07,,
22,16619,,0.00673447223380208,,
22,16629,,0.0024042800068855286,,
22,16639,,0.00042286328971385956,,
22,16649,,0.00033083060407079756,,
22,16659,,2.9364800866460428e-05,,
22,16669,,0.0009639408090151846,,
22,16679,,0.03402106463909149,,
22,16689,,0.2626970708370209,,
22,16699,,0.02063910849392414,,
22,16709,,0.007940125651657581,,
22,16719,,0.0010600576642900705,,
22,16729,,0.001142086461186409,,
22,16739,,0.00023798472830094397,,
22,16749,,0.005763438530266285,,
22,16759,,0.005594903137534857,,
22,16769,,0.0009027335909195244,,
22,16779,,4.4234962842892855e-05,,
22,16789,,0.007191167213022709,,
22,16799,,8.762331708567217e-05,,
22,16809,,0.005443803500384092,,
22,16819,,0.005984999239444733,,
22,16829,,0.010888881050050259,,
22,16839,,0.0047751301899552345,,
22,16849,,0.0011904367711395025,,
22,16859,,0.01577591709792614,,
22,16869,,0.00817412231117487,,
22,16879,,0.3447171747684479,,
22,16889,,0.0040763444267213345,,
22,16899,,0.0005013078916817904,,
22,16909,,2.90465527541528e-06,,
22,16919,,1.44639875543362e-06,,
22,16929,,0.024874718859791756,,
22,16939,,0.0055994680151343346,,
22,16949,,0.009707138873636723,,
22,16959,,8.834853360895067e-05,,
22,16969,,0.0011034031631425023,,
22,16979,,1.8581597032607533e-05,,
22,16989,,0.0213287603110075,,
22,16999,,0.021915936842560768,,
22,17009,,3.39332200383069e-06,,
22,17019,,0.005109104793518782,,
22,17029,,0.0053826128132641315,,
22,17039,,0.007147425319999456,,
22,17049,,0.09726587682962418,,
22,17059,,0.007994798012077808,,
22,17069,,0.0007224928704090416,,
22,17079,,0.006046682596206665,,
22,17089,,0.0003475431294646114,,
22,17099,,0.012970255687832832,,
22,17109,,0.009219417348504066,,
22,17119,,0.008196954615414143,,
22,17129,,0.0031701766420155764,,
22,17134,,,0.9193750023841858,0.7781949639320374
22,17134,0.02775743044912815,,,
23,17139,,0.14759035408496857,,
23,17149,,9.285769920097664e-05,,
23,17159,,3.09939923681668e-06,,
23,17169,,0.0069956411607563496,,
23,17179,,8.179775613825768e-05,,
23,17189,,0.03763647750020027,,
23,17199,,0.24971221387386322,,
23,17209,,0.13949821889400482,,
23,17219,,0.010683352127671242,,
23,17229,,1.3828139344695956e-06,,
23,17239,,0.0030622181948274374,,
23,17249,,0.016025518998503685,,
23,17259,,0.0035197576507925987,,
23,17269,,6.882717570988461e-05,,
23,17279,,0.1376609206199646,,
23,17289,,0.002574850106611848,,
23,17299,,1.549571425130125e-05,,
23,17309,,0.1588188111782074,,
23,17319,,0.0005544961895793676,,
23,17329,,0.013709871098399162,,
23,17339,,0.001586760627105832,,
23,17349,,0.016573745757341385,,
23,17359,,0.0020505909342318773,,
23,17369,,3.749660027096979e-05,,
23,17379,,2.069631591439247e-05,,
23,17389,,0.019921788945794106,,
23,17399,,0.0034209073055535555,,
23,17409,,4.9834859964903444e-05,,
23,17419,,0.03670134395360947,,
23,17429,,4.06486697102082e-06,,
23,17439,,0.004499833565205336,,
23,17449,,4.7080764488782734e-05,,
23,17459,,3.2173287763725966e-05,,
23,17469,,0.0892457589507103,,
23,17479,,8.901130786398426e-05,,
23,17489,,0.0002657697768881917,,
23,17499,,0.0014228998916223645,,
23,17509,,0.00940089300274849,,
23,17519,,3.6079993606108474e-06,,
23,17529,,0.07014430314302444,,
23,17539,,0.008309458382427692,,
23,17549,,0.005664489232003689,,
23,17559,,0.007963734678924084,,
23,17569,,0.006172003224492073,,
23,17579,,0.006110233720391989,,
23,17589,,0.0007956798071973026,,
23,17599,,0.01576230116188526,,
23,17609,,0.004089889582246542,,
23,17619,,3.0874150525050936e-06,,
23,17629,,2.822663009283133e-05,,
23,17639,,0.023627040907740593,,
23,17649,,0.012613685801625252,,
23,17659,,0.1903301328420639,,
23,17669,,0.0023329206742346287,,
23,17679,,0.12736386060714722,,
23,17689,,0.00019983696984127164,,
23,17699,,0.018385741859674454,,
23,17709,,0.015190129168331623,,
23,17719,,0.11222956329584122,,
23,17729,,0.12347006797790527,,
23,17739,,0.00020308593229856342,,
23,17749,,0.00010282910807291046,,
23,17759,,0.027872342616319656,,
23,17769,,0.029622962698340416,,
23,17779,,0.02507088892161846,,
23,17789,,0.2194947600364685,,
23,17799,,0.007658754009753466,,
23,17809,,0.23782090842723846,,
23,17819,,0.1847136914730072,,
23,17829,,0.00023439619690179825,,
23,17839,,0.005567715037614107,,
23,17849,,0.11796747893095016,,
23,17859,,0.0055334256030619144,,
23,17869,,0.1967560350894928,,
23,17879,,0.008164278231561184,,
23,17879,,,0.918749988079071,0.785398006439209
23,17879,0.03124151937663555,,,
24,17889,,3.049833503609989e-05,,
24,17899,,0.0011394021566957235,,
24,17909,,1.801017060643062e-05,,
24,17919,,0.04589066654443741,,
24,17929,,7.947251674522704e-07,,
24,17939,,0.019940536469221115,,
24,17949,,0.007711829151958227,,
24,17959,,0.004256871994584799,,
24,17969,,0.03991886228322983,,
24,17979,,0.002229419769719243,,
24,17989,,0.01519851665943861,,
24,17999,,1.9870947653544135e-05,,
24,18009,,0.00604558689519763,,
24,18019,,4.954966243531089e-06,,
24,18029,,0.0016389150405302644,,
24,18039,,0.12969596683979034,,
24,18049,,0.00017550658958498389,,
24,18059,,0.00341991288587451,,
24,18069,,0.018844855949282646,,
24,18079,,0.006492471322417259,,
24,18089,,8.455293937004171e-06,,
24,18099,,0.00014204718172550201,,
24,18109,,0.12335766851902008,,
24,18119,,0.004995584487915039,,
24,18129,,0.010620584711432457,,
24,18139,,0.1074269711971283,,
24,18149,,0.007852856069803238,,
24,18159,,1.2893107850686647e-05,,
24,18169,,0.00032627201289869845,,
24,18179,,0.004774248227477074,,
24,18189,,0.0001287008635699749,,
24,18199,,0.09709540754556656,,
24,18209,,0.056261058896780014,,
24,18219,,0.34355294704437256,,
24,18229,,0.014215203002095222,,
24,18239,,0.02288859337568283,,
24,18249,,0.0020839713979512453,,
24,18259,,0.00018679413187783211,,
24,18269,,0.0010847396915778518,,
24,18279,,7.913105946499854e-05,,
24,18289,,0.0003611700376495719,,
24,18299,,8.76826888998039e-05,,
24,18309,,0.0089004747569561,,
24,18319,,0.00626316387206316,,
24,18329,,0.11246412247419357,,
24,18339,,0.0024202403146773577,,
24,18349,,0.001962660113349557,,
24,18359,,0.12821047008037567,,
24,18369,,0.059097494930028915,,
24,18379,,0.005204800982028246,,
24,18389,,0.0015426785685122013,,
24,18399,,0.005414594430476427,,
24,18409,,0.0002276513841934502,,
24,18419,,0.03474371135234833,,
24,18429,,0.005893091205507517,,
24,18439,,4.490150786295999e-06,,
24,18449,,0.023321010172367096,,
24,18459,,0.004775156732648611,,
24,18469,,0.008922968059778214,,
24,18479,,0.022572098299860954,,
24,18489,,0.003508032765239477,,
24,18499,,0.028172045946121216,,
24,18509,,0.20589223504066467,,
24,18519,,0.003933142405003309,,
24,18529,,0.004325555171817541,,
24,18539,,0.00013553519966080785,,
24,18549,,0.005419778637588024,,
24,18559,,0.014580721966922283,,
24,18569,,0.039761047810316086,,
24,18579,,0.0009128081146627665,,
24,18589,,0.0013834749115630984,,
24,18599,,0.002078925957903266,,
24,18609,,0.16864292323589325,,
24,18619,,0.007423545699566603,,
24,18624,,,0.9114583134651184,0.9699109792709351
24,18624,0.029798252508044243,,,
25,18629,,0.0022833168040961027,,
25,18639,,0.0014457483775913715,,
25,18649,,0.0011112021747976542,,
25,18659,,0.012783165089786053,,
25,18669,,0.08904450386762619,,
25,18679,,0.005316398572176695,,
25,18689,,2.390959343756549e-05,,
25,18699,,0.03272642195224762,,
25,18709,,0.0001909303100546822,,
25,18719,,0.0015224929666146636,,
25,18729,,0.09933581948280334,,
25,18739,,0.002298016333952546,,
25,18749,,0.040703728795051575,,
25,18759,,0.0014872524188831449,,
25,18769,,0.008607452735304832,,
25,18779,,0.000312705960823223,,
25,18789,,0.0018099002772942185,,
25,18799,,0.011776105500757694,,
25,18809,,1.602811607881449e-05,,
25,18819,,0.0017661892343312502,,
25,18829,,0.016509519889950752,,
25,18839,,6.941728315723594e-06,,
25,18849,,3.159375410177745e-05,,
25,18859,,0.002243021270260215,,
25,18869,,0.12158141285181046,,
25,18879,,5.2105442591710016e-05,,
25,18889,,1.9803375835181214e-05,,
25,18899,,0.005042628385126591,,
25,18909,,9.788709576241672e-05,,
25,18919,,6.66183841531165e-05,,
25,18929,,0.004817964043468237,,
25,18939,,0.004333156626671553,,
25,18949,,0.041310664266347885,,
25,18959,,0.0012865973403677344,,
25,18969,,7.18779710950912e-06,,
25,18979,,0.005817597731947899,,
25,18989,,0.13066144287586212,,
25,18999,,0.004126661457121372,,
25,19009,,0.006164105609059334,,
25,19019,,3.569579348550178e-05,,
25,19029,,0.008902753703296185,,
25,19039,,0.14026255905628204,,
25,19049,,0.008292184211313725,,
25,19059,,0.20365644991397858,,
25,19069,,0.00037590277497656643,,
25,19079,,0.0004968586727045476,,
25,19089,,0.022313006222248077,,
25,19099,,0.0001269856293220073,,
25,19109,,0.006386204622685909,,
25,19119,,0.1488528549671173,,
25,19129,,0.017927590757608414,,
25,19139,,0.11463801562786102,,
25,19149,,0.00019061067723669112,,
25,19159,,0.078691266477108,,
25,19169,,0.015469134785234928,,
25,19179,,0.0011636639246717095,,
25,19189,,0.012505149468779564,,
25,19199,,0.00043446620111353695,,
25,19209,,0.21732014417648315,,
25,19219,,0.024721311405301094,,
25,19229,,0.12734553217887878,,
25,19239,,0.004302797839045525,,
25,19249,,0.009494165889918804,,
25,19259,,8.795016765361652e-05,,
25,19269,,0.0018381009576842189,,
25,19279,,3.7487265217350796e-05,,
25,19289,,0.03441072255373001,,
25,19299,,2.670601497811731e-05,,
25,19309,,0.009873932227492332,,
25,19319,,0.004128855653107166,,
25,19329,,0.00012544516357593238,,
25,19339,,0.0659140944480896,,
25,19349,,0.1512703150510788,,
25,19359,,0.14734862744808197,,
25,19369,,0.12452559918165207,,
25,19369,,,0.9195833206176758,0.766352117061615
25,19369,0.028652861714363098,,,
26,19379,,3.999300315626897e-05,,
26,19389,,0.028079431504011154,,
26,19399,,0.0001356828142888844,,
26,19409,,0.0013520779320970178,,
26,19419,,2.2621943571721204e-05,,
26,19429,,0.018787167966365814,,
26,19439,,0.014957805164158344,,
26,19449,,0.0011971259955316782,,
26,19459,,5.296680683386512e-06,,
26,19469,,0.002844564151018858,,
26,19479,,0.00585078913718462,,
26,19489,,0.0159186702221632,,
26,19499,,0.0008279519970528781,,
26,19509,,0.07482271641492844,,
26,19519,,0.004562077112495899,,
26,19529,,5.880768185306806e-06,,
26,19539,,0.002671092050150037,,
26,19549,,0.005556565709412098,,
26,19559,,0.018758390098810196,,
26,19569,,0.009560719132423401,,
26,19579,,0.24442626535892487,,
26,19589,,5.131340367370285e-05,,
26,19599,,5.722015998799179e-07,,
26,19609,,2.415949211354018e-06,,
26,19619,,0.00265894434414804,,
26,19629,,0.001006180653348565,,
26,19639,,3.4699820389505476e-05,,
26,19649,,0.14757126569747925,,
26,19659,,0.1840943843126297,,
26,19669,,0.0002175096160499379,,
26,19679,,0.0903652161359787,,
26,19689,,0.0017766897799447179,,
26,19699,,0.00043147793621756136,,
26,19709,,0.15571336448192596,,
26,19719,,0.020960699766874313,,
26,19729,,0.004290916491299868,,
26,19739,,0.00783317256718874,,
26,19749,,0.003804884385317564,,
26,19759,,0.07673055678606033,,
26,19769,,0.004014092497527599,,
26,19779,,0.30346590280532837,,
26,19789,,0.0011589262867346406,,
26,19799,,0.0006136140436865389,,
26,19809,,5.4482941777678207e-05,,
26,19819,,0.09178406745195389,,
26,19829,,0.16151168942451477,,
26,19839,,0.23445799946784973,,
26,19849,,0.0001444284280296415,,
26,19859,,1.9633180272649042e-05,,
26,19869,,0.00036203034687787294,,
26,19879,,0.0023652303498238325,,
26,19889,,0.00012179054465377703,,
26,19899,,0.004023726563900709,,
26,19909,,0.0012958321021869779,,
26,19919,,5.687873999704607e-05,,
26,19929,,0.028636086732149124,,
26,19939,,0.019567817449569702,,
26,19949,,0.0023956706281751394,,
26,19959,,0.0009260265505872667,,
26,19969,,0.07312998920679092,,
26,19979,,0.0020194980315864086,,
26,19989,,1.9232038539485075e-06,,
26,19999,,0.16003252565860748,,
26,20009,,0.005380208138376474,,
26,20019,,0.007675467990338802,,
26,20029,,0.00020163577573839575,,
26,20039,,4.77617413707776e-06,,
26,20049,,0.009360856376588345,,
26,20059,,7.215124060167e-05,,
26,20069,,0.003829034510999918,,
26,20079,,0.0006328814779408276,,
26,20089,,0.017962655052542686,,
26,20099,,0.00703583937138319,,
26,20109,,0.12317575514316559,,
26,20114,,,0.921875,0.7898575067520142
26,20114,0.028472308069467545,,,
27,20119,,0.09644313901662827,,
27,20129,,0.0002431937027722597,,
27,20139,,3.786697789109894e-06,,
27,20149,,0.0024531215894967318,,
27,20159,,0.026332629844546318,,
27,20169,,0.014148836955428123,,
27,20179,,0.005305809434503317,,
27,20189,,0.00382849364541471,,
27,20199,,0.00022734739468432963,,
27,20209,,0.0002724210498854518,,
27,20219,,0.0004989838344044983,,
27,20229,,3.0199595357771614e-07,,
27,20239,,0.004591907374560833,,
27,20249,,0.0021548380609601736,,
27,20259,,0.0004319012223277241,,
27,20269,,5.9560975387285e-06,,
27,20279,,0.005316168535500765,,
27,20289,,0.023361755535006523,,
27,20299,,5.690058515028795e-06,,
27,20309,,0.00019703891302924603,,
27,20319,,0.15810130536556244,,
27,20329,,1.2636044175451389e-06,,
27,20339,,3.614776869653724e-05,,
27,20349,,0.1041029542684555,,
27,20359,,0.0004510754079092294,,
27,20369,,0.007708226330578327,,
27,20379,,6.432972440961748e-05,,
27,20389,,0.13180536031723022,,
27,20399,,2.121363468177151e-05,,
27,20409,,5.716722444049083e-05,,
27,20419,,5.658237114403164e-06,,
27,20429,,2.504240910639055e-05,,
27,20439,,0.0012402039719745517,,
27,20449,,0.00033235090086236596,,
27,20459,,0.13155372440814972,,
27,20469,,0.0003182933432981372,,
27,20479,,0.016791541129350662,,
27,20489,,1.0651832781150006e-05,,
27,20499,,3.6318253933131928e-06,,
27,20509,,0.018702121451497078,,
27,20519,,0.010415327735245228,,
27,20529,,4.112925671506673e-05,,
27,20539,,0.021344410255551338,,
27,20549,,0.0001292437082156539,,
27,20559,,0.001387756085023284,,
27,20569,,0.0035639817360788584,,
27,20579,,3.2441406801808625e-05,,
27,20589,,3.2347754313377663e-05,,
27,20599,,1.63403256010497e-05,,
27,20609,,0.002835596213117242,,
27,20619,,3.5010270948987454e-05,,
27,20629,,3.178913488000035e-08,,
27,20639,,0.015753094106912613,,
27,20649,,0.4041520953178406,,
27,20659,,0.000350294605595991,,
27,20669,,0.0033523316960781813,,
27,20679,,0.10247725993394852,,
27,20689,,0.006274456158280373,,
27,20699,,8.157971024047583e-05,,
27,20709,,0.007675232365727425,,
27,20719,,0.00933004543185234,,
27,20729,,0.06140024587512016,,
27,20739,,0.009172613732516766,,
27,20749,,0.0010685910237953067,,
27,20759,,0.0055772531777620316,,
27,20769,,0.0005273388815112412,,
27,20779,,0.033518727868795395,,
27,20789,,0.00017173573723994195,,
27,20799,,0.007119928486645222,,
27,20809,,1.5910889487713575e-05,,
27,20819,,0.007481378503143787,,
27,20829,,9.799484541872516e-05,,
27,20839,,9.277613571612164e-06,,
27,20849,,0.009999001398682594,,
27,20859,,0.007284772116690874,,
27,20859,,,0.9225000143051147,0.9116621613502502
27,20859,0.025283878669142723,,,
28,20869,,0.0017418136121705174,,
28,20879,,7.791051029926166e-05,,
28,20889,,0.002434811322018504,,
28,20899,,0.002574907150119543,,
28,20909,,1.4225402082956862e-06,,
28,20919,,0.004674255382269621,,
28,20929,,0.07560671120882034,,
28,20939,,5.626370693789795e-05,,
28,20949,,0.0015852872747927904,,
28,20959,,0.17131373286247253,,
28,20969,,0.007563845254480839,,
28,20979,,6.938066508155316e-05,,
28,20989,,0.001519337180070579,,
28,20999,,0.13660305738449097,,
28,21009,,0.007573803886771202,,
28,21019,,0.00694340281188488,,
28,21029,,0.0025288949254900217,,
28,21039,,1.7239102817256935e-05,,
28,21049,,0.005312426947057247,,
28,21059,,0.006010414566844702,,
28,21069,,0.002964987186715007,,
28,21079,,9.463907190365717e-05,,
28,21089,,0.010991274379193783,,
28,21099,,0.0004138578660786152,,
28,21109,,0.014240985736250877,,
28,21119,,0.0697459876537323,,
28,21129,,8.363949746126309e-06,,
28,21139,,0.013638165779411793,,
28,21149,,0.005988204386085272,,
28,21159,,5.991504804114811e-05,,
28,21169,,0.00010170478344662115,,
28,21179,,1.1045645806007087e-05,,
28,21189,,0.010066074319183826,,
28,21199,,7.716047548456118e-05,,
28,21209,,0.009503217414021492,,
28,21219,,0.000694199581630528,,
28,21229,,0.0038014533929526806,,
28,21239,,0.1702047735452652,,
28,21249,,0.00031205519917421043,,
28,21259,,0.004030255135148764,,
28,21269,,0.004832920152693987,,
28,21279,,1.5661073121009395e-05,,
28,21289,,0.0011771732242777944,,
28,21299,,0.012805329635739326,,
28,21309,,0.10745169967412949,,
28,21319,,0.03411171957850456,,
28,21329,,2.1887470211368054e-05,,
28,21339,,0.00502737844362855,,
28,21349,,0.00012668724230024964,,
28,21359,,0.11560714989900589,,
28,21369,,0.0005460606189444661,,
28,21379,,0.013533443212509155,,
28,21389,,0.059767890721559525,,
28,21399,,0.00957697257399559,,
28,21409,,5.252901701169321e-06,,
28,21419,,0.004034069832414389,,
28,21429,,3.377547500349465e-06,,
28,21439,,0.002081424929201603,,
28,21449,,3.143597496091388e-05,,
28,21459,,0.01828710362315178,,
28,21469,,0.0002277348394272849,,
28,21479,,0.35604992508888245,,
28,21489,,6.06742687523365e-05,,
28,21499,,0.004718430805951357,,
28,21509,,0.0005203328910283744,,
28,21519,,1.1346845894877333e-05,,
28,21529,,0.15284547209739685,,
28,21539,,9.630743988964241e-06,,
28,21549,,0.16474968194961548,,
28,21559,,0.0008555402746424079,,
28,21569,,0.04224194958806038,,
28,21579,,0.004091963637620211,,
28,21589,,0.128389373421669,,
28,21599,,0.008022612892091274,,
28,21604,,,0.9222916960716248,0.8055917620658875
28,21604,0.02551802434027195,,,
29,21609,,2.781499688353506e-06,,
29,21619,,0.00013618363300338387,,
29,21629,,0.00023094481730367988,,
29,21639,,9.536731937487275e-08,,
29,21649,,0.0005647091311402619,,
29,21659,,0.0052858758717775345,,
29,21669,,0.010435009375214577,,
29,21679,,0.13744650781154633,,
29,21689,,0.008814753033220768,,
29,21699,,1.2864413292845711e-05,,
29,21709,,9.647192200645804e-06,,
29,21719,,0.0033728154376149178,,
29,21729,,0.00041828822577372193,,
29,21739,,0.0026170299388468266,,
29,21749,,0.00128682772628963,,
29,21759,,4.444471778697334e-05,,
29,21769,,0.00017169295460917056,,
29,21779,,0.004037964157760143,,
29,21789,,0.01383750420063734,,
29,21799,,0.15815526247024536,,
29,21809,,8.955685188993812e-06,,
29,21819,,0.14180424809455872,,
29,21829,,0.004877179861068726,,
29,21839,,0.0065964600071311,,
29,21849,,2.3751450498821214e-05,,
29,21859,,0.0001467552938265726,,
29,21869,,7.048960014799377e-06,,
29,21879,,0.0022657259833067656,,
29,21889,,0.16007784008979797,,
29,21899,,0.007008969783782959,,
29,21909,,0.14097601175308228,,
29,21919,,0.012061318382620811,,
29,21929,,0.005955658853054047,,
29,21939,,0.011633330956101418,,
29,21949,,0.006075595039874315,,
29,21959,,0.000718956405762583,,
29,21969,,0.013591056689620018,,
29,21979,,4.2120052967220545e-05,,
29,21989,,2.1060289157048828e-07,,
29,21999,,5.004884587833658e-05,,
29,22009,,1.1990603525191545e-05,,
29,22019,,0.00916981976479292,,
29,22029,,0.005373711232095957,,
29,22039,,0.004827318247407675,,
29,22049,,0.2055695503950119,,
29,22059,,0.007577655836939812,,
29,22069,,2.010638581850799e-06,,
29,22079,,0.1331930309534073,,
29,22089,,0.0031521727796643972,,
29,22099,,0.00021470835781656206,,
29,22109,,0.00017881624808069319,,
29,22119,,0.0001675440726103261,,
29,22129,,8.500873082084581e-05,,
29,22139,,2.8570018457685364e-06,,
29,22149,,0.0003300965763628483,,
29,22159,,0.1381295621395111,,
29,22169,,0.015470417216420174,,
29,22179,,0.008178647607564926,,
29,22189,,0.006382959894835949,,
29,22199,,0.1033736988902092,,
29,22209,,0.008686779998242855,,
29,22219,,0.11760608106851578,,
29,22229,,0.020712221041321754,,
29,22239,,0.0033664775546640158,,
29,22249,,0.14013001322746277,,
29,22259,,0.09351883083581924,,
29,22269,,9.536664151710283e-07,,
29,22279,,1.4324088624562137e-05,,
29,22289,,1.2198960348541732e-06,,
29,22299,,4.6094118033579434e-07,,
29,22309,,0.10424506664276123,,
29,22319,,0.1622246652841568,,
29,22329,,0.01705814152956009,,
29,22339,,0.00455488171428442,,
29,22349,,0.35064491629600525,,
29,22349,,,0.9183333516120911,0.8350535035133362
29,22349,0.026686469092965126,,,
